WORD_ID,VOCAB_WORD
0,http
1,use
2,list
3,email
4,get
5,mail
6,one
7,free
8,time
9,work
10,messag
11,make
12,like
13,would
14,peopl
15,inform
16,new
17,receiv
18,pleas
19,address
20,busi
21,click
22,want
23,us
24,need
25,order
26,remov
27,also
28,go
29,year
30,send
31,money
32,file
33,compani
34,system
35,name
36,report
37,wrote
38,way
39,user
40,look
41,chang
42,site
43,day
44,know
45,state
46,program
47,may
48,see
49,call
50,could
51,group
52,even
53,think
54,includ
55,linux
56,first
57,offer
58,take
59,say
60,servic
61,right
62,world
63,tri
64,help
65,find
66,market
67,internet
68,product
69,mani
70,much
71,home
72,said
73,softwar
74,web
75,problem
76,date
77,line
78,spam
79,start
80,check
81,number
82,run
83,good
84,thing
85,link
86,well
87,subject
88,phone
89,interest
90,govern
91,person
92,provid
93,set
94,today
95,come
96,million
97,best
98,give
99,server
100,follow
101,back
102,form
103,rate
104,month
105,everi
106,secur
107,gener
108,price
109,url
110,still
111,comput
112,packag
113,instal
114,avail
115,sent
116,code
117,life
118,commun
119,version
120,read
121,sinc
122,ad
123,grant
124,maintain
125,sponsor
126,thank
127,network
128,two
129,credit
130,differ
131,without
132,made
133,develop
134,within
135,support
136,week
137,write
138,save
139,realli
140,case
141,page
142,subscript
143,someth
144,irish
145,current
146,un
147,last
148,anyon
149,onlin
150,complet
151,sure
152,card
153,requir
154,seem
155,build
156,custom
157,manag
158,never
159,de
160,ilug
161,better
162,keep
163,special
164,window
165,point
166,ca
167,place
168,search
169,anoth
170,per
171,found
172,actual
173,access
174,repli
175,result
176,contact
177,question
178,part
179,base
180,listmast
181,futur
182,issu
183,old
184,put
185,wish
186,next
187,long
188,let
189,countri
190,live
191,hour
192,must
193,end
194,invest
195,mean
196,process
197,easi
198,unsubscrib
199,lot
200,unit
201,great
202,got
203,guarante
204,account
205,technolog
206,show
207,nation
208,might
209,power
210,releas
211,legal
212,cost
213,data
214,allow
215,sourc
216,success
217,news
218,engin
219,possibl
220,trade
221,profession
222,idea
223,post
224,increas
225,advertis
226,ask
227,pay
228,public
229,error
230,open
231,test
232,websit
233,opportun
234,real
235,sell
236,ever
237,less
238,respons
239,insur
240,plan
241,design
242,tell
243,creat
244,visit
245,word
246,buy
247,howev
248,reason
249,prefer
250,heaven
251,effect
252,someon
253,aug
254,cd
255,law
256,sale
257,improv
258,applic
259,around
260,instead
261,fact
262,least
263,box
264,dollar
265,ye
266,rpm
267,fix
268,american
269,job
270,copi
271,simpl
272,probabl
273,origin
274,cours
275,believ
276,contain
277,fax
278,move
279,type
280,happen
281,though
282,friend
283,littl
284,total
285,financi
286,share
287,welcom
288,request
289,add
290,exampl
291,client
292,els
293,abl
294,format
295,perl
296,valu
297,anyth
298,alway
299,simpli
300,high
301,alreadi
302,protect
303,fill
304,full
305,cash
306,feel
307,mailto
308,directori
309,import
310,regard
311,bit
312,stop
313,purchas
314,signatur
315,licens
316,note
317,polici
318,intern
319,experi
320,answer
321,exist
322,updat
323,return
324,past
325,learn
326,famili
327,info
328,top
329,sep
330,geek
331,becom
332,ship
333,age
334,act
335,lead
336,instruct
337,small
338,drive
339,suppli
340,control
341,second
342,databas
343,member
344,select
345,low
346,thousand
347,recent
348,incom
349,featur
350,citi
351,etc
352,stuff
353,minut
354,limit
355,sever
356,industri
357,done
358,turn
359,yet
360,folder
361,appli
362,tool
363,continu
364,understand
365,detail
366,c
367,guid
368,everyth
369,noth
370,step
371,exmh
372,notic
373,oper
374,enough
375,claim
376,big
377,care
378,e
379,sign
380,letter
381,univers
382,caus
383,larg
384,key
385,three
386,hard
387,thinkgeek
388,other
389,connect
390,bill
391,record
392,discuss
393,thu
394,accept
395,term
396,offic
397,via
398,specif
399,play
400,pgp
401,talk
402,option
403,text
404,america
405,mayb
406,immedi
407,deal
408,direct
409,download
410,major
411,seen
412,hope
413,forc
414,subscrib
415,comment
416,thought
417,kind
418,individu
419,decid
420,rule
421,lose
422,log
423,plu
424,natur
425,method
426,matter
427,true
428,either
429,risk
430,rememb
431,yahoo
432,assist
433,content
434,present
435,quot
436,rather
437,away
438,mime
439,wait
440,r
441,bank
442,fund
443,kernel
444,hand
445,local
446,project
447,secret
448,hundr
449,loan
450,matthia
451,level
452,train
453,corpor
454,consid
455,research
456,razor
457,area
458,book
459,august
460,forward
461,addit
462,root
463,stori
464,machin
465,polit
466,bad
467,benefit
468,target
469,standard
470,quit
471,entir
472,war
473,suggest
474,document
475,copyright
476,appear
477,bodi
478,presid
479,global
480,author
481,bug
482,often
483,posit
484,expect
485,human
486,distribut
487,mind
488,center
489,juli
490,septemb
491,grow
492,jul
493,ago
494,qualiti
495,hit
496,trust
497,size
498,partner
499,easili
500,absolut
501,island
502,love
503,agent
504,whether
505,pm
506,activ
507,join
508,b
509,given
510,collect
511,involv
512,solut
513,happi
514,amount
515,associ
516,fast
517,domain
518,charg
519,man
520,promot
521,whole
522,dvd
523,far
524,earn
525,sort
526,later
527,parti
528,fork
529,hi
530,feder
531,submit
532,upon
533,mortgag
534,potenti
535,wed
536,meet
537,wrong
538,refer
539,enter
540,nice
541,tm
542,load
543,wonder
544,singl
545,publish
546,john
547,econom
548,social
549,almost
550,transact
551,red
552,discov
553,reach
554,everyon
555,close
556,view
557,fail
558,pass
559,execut
560,sound
561,privat
562,depend
563,profit
564,perform
565,women
566,attack
567,broadcast
568,newslett
569,paid
570,automat
571,relat
572,contract
573,statement
574,effort
575,mark
576,delet
577,media
578,foreign
579,begin
580,compil
581,sequenc
582,final
583,regist
584,miss
585,bush
586,spamassassin
587,figur
588,x
589,cell
590,handl
591,command
592,stock
593,header
594,locat
595,action
596,similar
597,tuesday
598,display
599,game
600,pick
601,templ
602,transfer
603,disk
604,wo
605,hat
606,digit
607,chri
608,produc
609,soon
610,event
611,known
612,track
613,articl
614,print
615,longer
616,tax
617,function
618,properti
619,pretti
620,mention
621,toner
622,store
623,default
624,men
625,dear
626,commiss
627,pc
628,debt
629,oblig
630,hous
631,upgrad
632,sun
633,respect
634,microsoft
635,organ
636,script
637,due
638,bulk
639,enenkio
640,imag
641,weight
642,administr
643,payment
644,health
645,daili
646,along
647,freedom
648,net
649,bonu
650,practic
651,offici
652,propos
653,worth
654,cartridg
655,billion
656,capit
657,usa
658,resourc
659,strategi
660,languag
661,came
662,anyway
663,leav
664,half
665,late
666,exactli
667,platform
668,concern
669,street
670,clear
671,remain
672,html
673,devic
674,assum
675,lost
676,car
677,review
678,ok
679,tire
680,la
681,ignor
682,head
683,tue
684,interact
685,went
686,respond
687,hear
688,tablet
689,deliv
690,taken
691,independ
692,bring
693,clean
694,configur
695,perhap
696,compar
697,qualifi
698,averag
699,space
700,fine
701,watch
702,press
703,invok
704,short
705,retail
706,recommend
707,expens
708,school
709,n
710,fee
711,memori
712,field
713,membership
714,fall
715,host
716,enabl
717,guess
718,huge
719,consult
720,edit
721,xml
722,suit
723,extrem
724,usual
725,choos
726,common
727,advantag
728,warn
729,except
730,agre
731,port
732,en
733,normal
734,region
735,materi
736,educ
737,side
738,abil
739,announc
740,basic
741,fri
742,dream
743,item
744,five
745,guy
746,drop
747,cheer
748,told
749,le
750,paper
751,although
752,main
753,vulner
754,hold
755,growth
756,confidenti
757,readi
758,spend
759,electron
760,win
761,replac
762,model
763,left
764,face
765,unseen
766,interfac
767,studi
768,reserv
769,altern
770,mon
771,loss
772,accord
773,kingdom
774,safe
775,intend
776,choic
777,approv
778,implement
779,multipl
780,histori
781,rest
782,oz
783,id
784,commerci
785,situat
786,extra
787,moment
788,chanc
789,togeth
790,investig
791,section
792,combin
793,employ
794,quick
795,insid
796,purpos
797,coupl
798,initi
799,pictur
800,confirm
801,goe
802,msg
803,advanc
804,across
805,court
806,util
807,j
808,avoid
809,break
810,unless
811,monday
812,fals
813,object
814,particular
815,burn
816,energi
817,express
818,score
819,male
820,india
821,video
822,et
823,societi
824,took
825,indic
826,owner
827,p
828,count
829,sens
830,filter
831,directli
832,speed
833,correct
834,agenc
835,procedur
836,anywher
837,die
838,profil
839,four
840,variou
841,seek
842,black
843,uniqu
844,match
845,ventur
846,period
847,gpl
848,especi
849,consum
850,piec
851,kevin
852,sex
853,spammer
854,certain
855,whatev
856,investor
857,behalf
858,popul
859,knowledg
860,adam
861,setup
862,color
863,explain
864,class
865,tip
866,cut
867,oh
868,gain
869,latest
870,remot
871,dagga
872,unison
873,atol
874,militari
875,ftp
876,block
877,lawrenc
878,googl
879,gari
880,marshal
881,south
882,unix
883,patch
884,tv
885,smoke
886,switch
887,valuabl
888,establish
889,team
890,shop
891,java
892,aaaaaaaaaaaaaaaaaaaaaaaaaaaaaaaaaaaaaaaaaaaaaaaaaaaaaaaaaaaaaaaaaaaaaaaaaaaa
893,imagin
894,ragga
895,prevent
896,integr
897,robert
898,boot
899,prepar
900,attempt
901,third
902,particip
903,will
904,folk
905,privaci
906,sorri
907,sometim
908,manual
909,hardwar
910,necessari
911,heard
912,screen
913,reduc
914,congress
915,saou
916,bottl
917,tag
918,york
919,sa
920,fastest
921,certainli
922,china
923,night
924,enjoy
925,valid
926,stand
927,backup
928,suppos
929,depart
930,cover
931,mass
932,regul
933,alb
934,path
935,driver
936,seriou
937,goal
938,obtain
939,lower
940,competit
941,botan
942,capabl
943,amaz
944,fulli
945,speak
946,land
947,promis
948,h
949,poor
950,medic
951,lowest
952,scienc
953,introduc
954,apolog
955,deathtospamdeathtospamdeathtospam
956,traffic
957,extend
958,defin
959,describ
960,movi
961,paul
962,titl
963,troubl
964,exchang
965,cv
966,neg
967,film
968,easier
969,decis
970,os
971,f
972,wireless
973,rang
974,sender
975,osdn
976,approach
977,death
978,technic
979,six
980,earli
981,murphi
982,predict
983,white
984,commit
985,redhat
986,fortun
987,written
988,beberg
989,fat
990,quickli
991,im
992,king
993,telephon
994,worri
995,sold
996,kill
997,ham
998,firm
999,judgment
1000,seventh
1001,mobil
1002,music
1003,michael
1004,uk
1005,apt
1006,economi
1007,attach
1008,premium
1009,opinion
1010,father
1011,north
1012,desir
1013,ensur
1014,librari
1015,definit
1016,faster
1017,player
1018,archiv
1019,button
1020,achiev
1021,argument
1022,adult
1023,appar
1024,enterpris
1025,techniqu
1026,bar
1027,travel
1028,separ
1029,threat
1030,demand
1031,cooper
1032,deserv
1033,board
1034,browser
1035,modul
1036,hello
1037,condit
1038,outsid
1039,anim
1040,stay
1041,david
1042,attent
1043,elimin
1044,dave
1045,estat
1046,enhanc
1047,wide
1048,terrorist
1049,determin
1050,wall
1051,pain
1052,expert
1053,cabl
1054,repres
1055,virtual
1056,drug
1057,children
1058,environ
1059,modifi
1060,washington
1061,monthli
1062,held
1063,gnupg
1064,kid
1065,sincer
1066,declar
1067,permiss
1068,danger
1069,signific
1070,fun
1071,iii
1072,relev
1073,w
1074,l
1075,confid
1076,g
1077,sum
1078,cat
1079,diet
1080,programm
1081,rich
1082,canada
1083,air
1084,cc
1085,exclus
1086,equip
1087,none
1088,proven
1089,forev
1090,popular
1091,bitbitch
1092,excel
1093,bottom
1094,justin
1095,usd
1096,central
1097,paragraph
1098,expand
1099,factor
1100,skip
1101,friday
1102,string
1103,centuri
1104,sexual
1105,challeng
1106,identifi
1107,anybodi
1108,relationship
1109,monitor
1110,near
1111,excit
1112,terror
1113,behind
1114,asset
1115,director
1116,appreci
1117,toward
1118,exercis
1119,perfect
1120,girl
1121,confer
1122,rh
1123,progress
1124,citizen
1125,whose
1126,among
1127,unsolicit
1128,discoveri
1129,defens
1130,rais
1131,thread
1132,difficult
1133,west
1134,rel
1135,hettinga
1136,sampl
1137,road
1138,fit
1139,photo
1140,partit
1141,intellig
1142,lender
1143,entri
1144,colleg
1145,illeg
1146,spain
1147,tie
1148,octob
1149,acquir
1150,william
1151,earth
1152,serv
1153,reader
1154,seri
1155,confus
1156,strong
1157,solv
1158,chief
1159,fair
1160,smart
1161,tree
1162,stupid
1163,refin
1164,verifi
1165,largest
1166,measur
1167,european
1168,instant
1169,san
1170,mode
1171,french
1172,extract
1173,built
1174,equival
1175,regular
1176,sweet
1177,peac
1178,mac
1179,lock
1180,procmail
1181,resid
1182,slow
1183,reliabl
1184,oct
1185,laptop
1186,conveni
1187,datapow
1188,inlin
1189,brian
1190,tradit
1191,categori
1192,suse
1193,dead
1194,africa
1195,front
1196,graphic
1197,tim
1198,warranti
1199,ident
1200,voic
1201,europ
1202,deliveri
1203,leader
1204,cach
1205,realiz
1206,evid
1207,annuiti
1208,pattern
1209,capillari
1210,ten
1211,useless
1212,emerg
1213,femal
1214,gnu
1215,desktop
1216,campaign
1217,statu
1218,fire
1219,compat
1220,art
1221,occur
1222,gift
1223,abus
1224,young
1225,therefor
1226,cultur
1227,institut
1228,satellit
1229,previous
1230,higher
1231,physic
1232,herba
1233,revenu
1234,concept
1235,june
1236,aid
1237,inde
1238,walk
1239,deposit
1240,convers
1241,launch
1242,brand
1243,thursday
1244,otherwis
1245,concentr
1246,nigeria
1247,contribut
1248,roll
1249,degre
1250,doubt
1251,ms
1252,classifi
1253,echo
1254,forget
1255,background
1256,yeah
1257,former
1258,unlimit
1259,indian
1260,carri
1261,pacif
1262,compet
1263,arriv
1264,weapon
1265,wife
1266,honor
1267,repositori
1268,conflict
1269,listen
1270,token
1271,critic
1272,affili
1273,recipi
1274,fight
1275,app
1276,extens
1277,powel
1278,discount
1279,tech
1280,sat
1281,unfortun
1282,percent
1283,password
1284,storag
1285,isp
1286,surpris
1287,hot
1288,basi
1289,succeed
1290,civil
1291,hermio
1292,assur
1293,sit
1294,detect
1295,sleep
1296,water
1297,jabber
1298,effici
1299,garrigu
1300,substanti
1301,panel
1302,alsa
1303,intro
1304,output
1305,printer
1306,kept
1307,light
1308,attract
1309,jm
1310,inc
1311,ip
1312,worldwid
1313,proprietari
1314,mine
1315,pull
1316,tabl
1317,descript
1318,enemi
1319,menu
1320,catch
1321,scan
1322,v
1323,wednesday
1324,nobodi
1325,saw
1326,joe
1327,advic
1328,revers
1329,disabl
1330,index
1331,truth
1332,god
1333,pudg
1334,gone
1335,euro
1336,agreement
1337,structur
1338,analysi
1339,vendor
1340,patent
1341,manufactur
1342,seven
1343,vote
1344,specifi
1345,morn
1346,jame
1347,balanc
1348,lack
1349,k
1350,cool
1351,room
1352,franc
1353,teach
1354,alon
1355,decad
1356,charact
1357,whitelist
1358,boston
1359,editor
1360,gold
1361,wast
1362,obvious
1363,california
1364,awar
1365,innov
1366,polic
1367,zip
1368,treat
1369,construct
1370,u
1371,tom
1372,career
1373,insert
1374,clue
1375,temperatur
1376,financ
1377,highli
1378,theori
1379,trick
1380,journal
1381,ga
1382,incred
1383,gcc
1384,constitut
1385,flag
1386,encourag
1387,spec
1388,int
1389,middl
1390,greater
1391,afford
1392,impress
1393,ultim
1394,touch
1395,son
1396,attorney
1397,correspond
1398,anymor
1399,brain
1400,usag
1401,cent
1402,peni
1403,ebay
1404,larger
1405,previou
1406,annual
1407,wake
1408,summari
1409,greg
1410,master
1411,mother
1412,jim
1413,boy
1414,blood
1415,dan
1416,blank
1417,input
1418,hp
1419,trial
1420,mechan
1421,stream
1422,hate
1423,cbyi
1424,urgent
1425,democrat
1426,el
1427,suffer
1428,mike
1429,focu
1430,advis
1431,perman
1432,cheap
1433,pound
1434,suspect
1435,flow
1436,particularli
1437,star
1438,smtp
1439,skeptic
1440,mostli
1441,underwrit
1442,varieti
1443,judg
1444,speech
1445,php
1446,behavior
1447,obviou
1448,mistak
1449,instanc
1450,delay
1451,wealth
1452,percentag
1453,dynam
1454,vacat
1455,comfort
1456,republ
1457,eye
1458,toni
1459,destruct
1460,warm
1461,super
1462,earlier
1463,dark
1464,keyboard
1465,binari
1466,termin
1467,arm
1468,ireland
1469,reveal
1470,telecom
1471,mailer
1472,affect
1473,rock
1474,channel
1475,rick
1476,firewal
1477,ban
1478,woman
1479,laserjet
1480,consolid
1481,steve
1482,english
1483,rss
1484,se
1485,motiv
1486,char
1487,essenti
1488,tend
1489,heart
1490,knew
1491,skill
1492,recogn
1493,floppi
1494,consist
1495,btw
1496,domest
1497,principl
1498,alli
1499,prospect
1500,vipul
1501,wing
1502,lawyer
1503,estim
1504,pack
1505,highlight
1506,prompt
1507,beta
1508,style
1509,core
1510,defend
1511,eventu
1512,pipe
1513,opt
1514,lifetim
1515,bonus
1516,nearli
1517,dell
1518,invit
1519,somewher
1520,gnome
1521,magazin
1522,unlik
1523,staff
1524,ftoc
1525,task
1526,role
1527,sensit
1528,comprehens
1529,vehicl
1530,fl
1531,planta
1532,beat
1533,food
1534,teledynam
1535,modern
1536,ground
1537,pocket
1538,eat
1539,babi
1540,hair
1541,map
1542,dn
1543,biggest
1544,python
1545,despit
1546,march
1547,restor
1548,roman
1549,audio
1550,modem
1551,clearli
1552,histor
1553,strength
1554,impact
1555,suck
1556,revis
1557,favor
1558,commentari
1559,picasso
1560,eval
1561,fresh
1562,convert
1563,bind
1564,complianc
1565,strongli
1566,shown
1567,dragon
1568,british
1569,interview
1570,mlm
1571,config
1572,conserv
1573,minimum
1574,peter
1575,exploit
1576,senior
1577,met
1578,coverag
1579,beyond
1580,mailbox
1581,doctor
1582,mile
1583,equal
1584,everybodi
1585,failur
1586,permit
1587,truli
1588,instantli
1589,spot
1590,employe
1591,stabl
1592,gave
1593,font
1594,liber
1595,texa
1596,protocol
1597,dont
1598,tx
1599,typic
1600,signal
1601,reli
1602,synchron
1603,auto
1604,brought
1605,q
1606,tape
1607,visa
1608,optim
1609,consider
1610,al
1611,geeg
1612,distanc
1613,chines
1614,startup
1615,draw
1616,translat
1617,revok
1618,proper
1619,crash
1620,worst
1621,expir
1622,variabl
1623,showcas
1624,calcul
1625,led
1626,dial
1627,exact
1628,neighbor
1629,broker
1630,prove
1631,yesterday
1632,plant
1633,imposs
1634,boss
1635,stylu
1636,hidden
1637,evil
1638,favorit
1639,crimin
1640,finish
1641,annoy
1642,extern
1643,spent
1644,bigger
1645,bearer
1646,artist
1647,netscap
1648,acknowledg
1649,feet
1650,ran
1651,foundat
1652,repair
1653,strang
1654,sole
1655,sir
1656,z
1657,pop
1658,retriev
1659,rare
1660,properli
1661,edward
1662,england
1663,rob
1664,scientist
1665,planet
1666,sport
1667,hell
1668,safeti
1669,guidelin
1670,portion
1671,poverti
1672,evalu
1673,rebuild
1674,hack
1675,equiti
1676,somebodi
1677,hotel
1678,beauti
1679,autom
1680,serious
1681,summer
1682,ii
1683,explor
1684,scheme
1685,hire
1686,lie
1687,station
1688,sunday
1689,antiqu
1690,strip
1691,correctli
1692,bell
1693,prescript
1694,chicago
1695,jump
1696,push
1697,iiu
1698,climat
1699,spread
1700,restrict
1701,gentl
1702,minor
1703,lo
1704,threaten
1705,radio
1706,recruit
1707,primari
1708,para
1709,fundament
1710,vou
1711,student
1712,currenc
1713,epson
1714,diseas
1715,entertain
1716,mount
1717,becam
1718,headlin
1719,shape
1720,husband
1721,happier
1722,damag
1723,craig
1724,proxi
1725,protest
1726,recal
1727,resum
1728,herb
1729,architectur
1730,spamd
1731,merchant
1732,hang
1733,seed
1734,laser
1735,mainten
1736,doubl
1737,exit
1738,buyer
1739,van
1740,plug
1741,corpu
1742,remedi
1743,muscl
1744,vast
1745,disclaim
1746,stick
1747,prioriti
1748,settlement
1749,feroc
1750,viagra
1751,sendmail
1752,reg
1753,ticket
1754,wors
1755,georg
1756,fantasi
1757,prior
1758,ssh
1759,camera
1760,green
1761,faith
1762,creativ
1763,angl
1764,feedback
1765,dozen
1766,disappear
1767,hall
1768,luck
1769,western
1770,laugh
1771,moor
1772,somehow
1773,pour
1774,supplement
1775,oil
1776,bother
1777,norton
1778,tel
1779,reject
1780,child
1781,hormon
1782,kathmandu
1783,usb
1784,feed
1785,broken
1786,realiti
1787,anonym
1788,aspect
1789,batteri
1790,seminar
1791,symbol
1792,substanc
1793,doc
1794,authent
1795,entrepreneur
1796,acceler
1797,argu
1798,democraci
1799,appeal
1800,shall
1801,eugen
1802,allianc
1803,arrang
1804,shot
1805,committe
1806,encrypt
1807,parent
1808,convent
1809,perfectli
1810,sponsorship
1811,funni
1812,random
1813,park
1814,phrase
1815,statist
1816,neither
1817,serial
1818,convinc
1819,shock
1820,observ
1821,slightli
1822,electr
1823,legitim
1824,à
1825,mozilla
1826,merg
1827,empir
1828,strictli
1829,edificio
1830,resolv
1831,auction
1832,queri
1833,award
1834,edg
1835,barcelona
1836,ie
1837,highest
1838,refund
1839,door
1840,hey
1841,frame
1842,solari
1843,nort
1844,appropri
1845,east
1846,meant
1847,capac
1848,aphrodisia
1849,daniel
1850,union
1851,survey
1852,lesson
1853,damn
1854,hunt
1855,kelli
1856,postal
1857,carrier
1858,surviv
1859,tomorrow
1860,stabil
1861,fear
1862,repeat
1863,pressur
1864,smaller
1865,bear
1866,volum
1867,trip
1868,declin
1869,herbal
1870,strike
1871,farquhar
1872,alter
1873,owen
1874,mason
1875,aggress
1876,twice
1877,bought
1878,pablo
1879,virus
1880,arrest
1881,te
1882,fairli
1883,odd
1884,mr
1885,amend
1886,weekend
1887,banner
1888,nt
1889,cold
1890,violat
1891,licenc
1892,harm
1893,testimoni
1894,compon
1895,easiest
1896,januari
1897,welch
1898,promiscu
1899,race
1900,winner
1901,exclud
1902,complain
1903,inbox
1904,gmt
1905,zero
1906,duplic
1907,cancel
1908,ah
1909,appl
1910,prosaka
1911,genet
1912,bunch
1913,scam
1914,md
1915,algorithm
1916,viru
1917,round
1918,bandwidth
1919,formula
1920,blog
1921,farm
1922,presum
1923,audienc
1924,deni
1925,nativ
1926,pill
1927,debian
1928,honest
1929,mirror
1930,hmm
1931,mh
1932,spray
1933,vari
1934,ratio
1935,reduct
1936,partnership
1937,gibbon
1938,label
1939,bankruptci
1940,club
1941,renew
1942,analyst
1943,possess
1944,split
1945,tab
1946,â
1947,elsewher
1948,vjestika
1949,martin
1950,approxim
1951,reboot
1952,iraq
1953,austin
1954,brief
1955,compens
1956,gay
1957,precis
1958,sea
1959,saturday
1960,lift
1961,grand
1962,blue
1963,roger
1964,msgid
1965,buffer
1966,processor
1967,invent
1968,porn
1969,envelop
1970,reward
1971,mous
1972,dramat
1973,gordon
1974,plugin
1975,weekli
1976,deploy
1977,massiv
1978,collabor
1979,dig
1980,retir
1981,cancer
1982,inconveni
1983,anytim
1984,apart
1985,inspir
1986,nvidia
1987,infrastructur
1988,ibm
1989,agreeabl
1990,ps
1991,prohibit
1992,adopt
1993,complex
1994,religion
1995,that
1996,fuck
1997,empti
1998,aol
1999,rohit
2000,sm
2001,writer
2002,engag
2003,flash
2004,environment
2005,millionair
2006,satisfi
2007,ministri
2008,northern
2009,justic
2010,solicit
2011,shell
2012,african
2013,length
2014,schedul
2015,conduct
2016,assembl
2017,thoma
2018,plenti
2019,harley
2020,cycl
2021,rose
2022,img
2023,acquisit
2024,experienc
2025,enforc
2026,own
2027,swap
2028,self
2029,clock
2030,mere
2031,began
2032,duncan
2033,candid
2034,excess
2035,henc
2036,onto
2037,rout
2038,bound
2039,distro
2040,farmer
2041,encount
2042,russian
2043,liter
2044,televis
2045,kate
2046,throw
2047,minim
2048,straight
2049,elect
2050,attend
2051,conclud
2052,transform
2053,famou
2054,homeown
2055,newspap
2056,pointer
2057,scale
2058,london
2059,evolv
2060,grab
2061,demonstr
2062,deep
2063,prosper
2064,domin
2065,registr
2066,wholesal
2067,guido
2068,boost
2069,oppos
2070,glad
2071,lawsuit
2072,receipt
2073,hors
2074,toll
2075,chat
2076,christian
2077,colleagu
2078,wave
2079,preserv
2080,murder
2081,rank
2082,context
2083,buck
2084,unabl
2085,mix
2086,niall
2087,proof
2088,valhalla
2089,corrupt
2090,resel
2091,entiti
2092,assert
2093,russia
2094,crime
2095,remark
2096,da
2097,blame
2098,attain
2099,skin
2100,routin
2101,co
2102,religi
2103,loop
2104,accur
2105,icq
2106,inkjet
2107,abacha
2108,paypal
2109,tune
2110,glm
2111,moral
2112,mathemat
2113,forest
2114,passphras
2115,webmast
2116,habea
2117,asia
2118,replica
2119,tast
2120,numer
2121,scientif
2122,marshalles
2123,destroy
2124,brent
2125,vircio
2126,newsgroup
2127,ben
2128,sheet
2129,embed
2130,bless
2131,null
2132,chart
2133,victim
2134,po
2135,brother
2136,heavi
2137,mountain
2138,visitor
2139,column
2140,frequent
2141,yield
2142,jar
2143,na
2144,joseph
2145,song
2146,throughout
2147,hash
2148,regardless
2149,bu
2150,rise
2151,hint
2152,yellow
2153,formal
2154,trace
2155,pro
2156,consequ
2157,remind
2158,mess
2159,town
2160,aim
2161,branch
2162,amateur
2163,pure
2164,dog
2165,bay
2166,chip
2167,incompat
2168,freebsd
2169,classic
2170,drink
2171,labor
2172,limbo
2173,logic
2174,satisfact
2175,violenc
2176,exhibit
2177,joke
2178,export
2179,prize
2180,est
2181,smoker
2182,spirit
2183,gambl
2184,topic
2185,syntax
2186,worker
2187,imho
2188,crap
2189,opposit
2190,spamtrap
2191,que
2192,felt
2193,ladi
2194,adapt
2195,focus
2196,privileg
2197,il
2198,assign
2199,exceed
2200,decemb
2201,negoti
2202,coast
2203,pars
2204,byte
2205,fan
2206,circumst
2207,batch
2208,stamp
2209,pursu
2210,pa
2211,battl
2212,specialist
2213,tremend
2214,stage
2215,cheaper
2216,incorpor
2217,lib
2218,complic
2219,appoint
2220,vice
2221,alan
2222,airlin
2223,bet
2224,liberti
2225,admit
2226,struggl
2227,strengthen
2228,dublin
2229,boundari
2230,chairman
2231,truck
2232,florida
2233,alert
2234,unknown
2235,okay
2236,entitl
2237,affair
2238,sur
2239,caught
2240,keyword
2241,older
2242,jodi
2243,moder
2244,lover
2245,compress
2246,compel
2247,intel
2248,gather
2249,unwant
2250,kit
2251,riaa
2252,trivial
2253,loos
2254,ui
2255,goto
2256,sophist
2257,transmiss
2258,mastercard
2259,ideal
2260,trend
2261,muslim
2262,ved
2263,britain
2264,hole
2265,belief
2266,australia
2267,ownership
2268,owe
2269,margin
2270,wear
2271,airport
2272,penni
2273,disclosur
2274,ahead
2275,sector
2276,album
2277,surfac
2278,pioneer
2279,stephen
2280,jack
2281,timeout
2282,maximum
2283,dice
2284,palestinian
2285,weak
2286,stress
2287,wa
2288,encod
2289,adjust
2290,assumpt
2291,raw
2292,outlook
2293,lay
2294,marri
2295,overal
2296,pickl
2297,suffici
2298,weather
2299,relay
2300,refus
2301,maker
2302,dump
2303,ice
2304,scott
2305,reform
2306,msn
2307,majesti
2308,mplayer
2309,tin
2310,schuman
2311,magic
2312,portabl
2313,ne
2314,wealthi
2315,sentenc
2316,propag
2317,hawaii
2318,influenc
2319,finger
2320,captur
2321,debug
2322,chain
2323,egg
2324,curv
2325,admin
2326,holiday
2327,explan
2328,astronom
2329,spring
2330,submiss
2331,session
2332,trademark
2333,heck
2334,vision
2335,whatsoev
2336,silli
2337,lilo
2338,frustrat
2339,endeavor
2340,catalog
2341,weird
2342,retain
2343,dinosaur
2344,ou
2345,bone
2346,crack
2347,shout
2348,depress
2349,patrick
2350,mandat
2351,virginia
2352,hacker
2353,ethic
2354,randomli
2355,spambay
2356,ar
2357,belong
2358,gpg
2359,casino
2360,outstand
2361,francisco
2362,settl
2363,minist
2364,movement
2365,api
2366,bomb
2367,corner
2368,rah
2369,tower
2370,circl
2371,unusu
2372,mysql
2373,rapidli
2374,latter
2375,ram
2376,intellectu
2377,hospit
2378,besid
2379,buri
2380,speaker
2381,scratch
2382,fli
2383,inexpens
2384,greatest
2385,expos
2386,ce
2387,formul
2388,organis
2389,constant
2390,xxx
2391,thirti
2392,hide
2393,celebr
2394,twenti
2395,prob
2396,joint
2397,theme
2398,plane
2399,fuel
2400,scholarship
2401,necessarili
2402,du
2403,germani
2404,intent
2405,proceed
2406,ez
2407,jeremi
2408,abandon
2409,pentium
2410,ton
2411,preced
2412,recognit
2413,igtt
2414,iroijlaplap
2415,snore
2416,lean
2417,ir
2418,openssl
2419,tivo
2420,draft
2421,wild
2422,maxim
2423,conclus
2424,es
2425,relax
2426,richard
2427,recov
2428,german
2429,framework
2430,arg
2431,tweak
2432,element
2433,japan
2434,season
2435,une
2436,dr
2437,greet
2438,openssh
2439,marriag
2440,fp
2441,forum
2442,harvest
2443,jurisdict
2444,bsd
2445,armi
2446,pci
2447,boom
2448,dedic
2449,scenario
2450,render
2451,contest
2452,mutual
2453,flight
2454,shoot
2455,potent
2456,magnitud
2457,invalid
2458,trader
2459,elig
2460,telecommun
2461,murjel
2462,bond
2463,crazi
2464,subsequ
2465,ratak
2466,notifi
2467,decreas
2468,con
2469,layer
2470,raid
2471,zone
2472,maxaman
2473,asian
2474,capitalist
2475,angel
2476,fashion
2477,council
2478,burner
2479,scope
2480,freez
2481,tobacco
2482,leas
2483,ximian
2484,milter
2485,quarter
2486,advisor
2487,pleasur
2488,rm
2489,commerc
2490,everywher
2491,bob
2492,distributor
2493,anthoni
2494,hook
2495,till
2496,multimedia
2497,wisdom
2498,chosen
2499,analog
